<?xml version="1.0" encoding="UTF-8" standalone="yes" ?>
<CodeBlocks_plugin_manifest_file>
    <SdkVersion major="2" minor="0" release="0" />
    <Plugin name="clangd_client">
        <Value title="Clangd_Client" />
        <Value version="1.2.133 25/03/14" />
        <Value description="This plugin provides a symbols browser for your projects and code-completion inside the editor.
Note: Only C/C++ language is supported by this plugin (currently)...
See wiki at https://wiki.codeblocks.org/index.php/CB_Clangd_Client" />
        <Value author="Yiannis An. Mandravellos (clangd version by Pecan and AndrewCot)" />
        <Value authorEmail="info@codeblocks.org" />
        <Value authorWebsite="https://www.codeblocks.org" />
        <Value thanksTo="AndrewCot, ollydbg, sodev, Miguel Gimenez, BlueHazzard, MaxGaspa and all testers." />
        <Value license="GPL" />
    </Plugin>
</CodeBlocks_plugin_manifest_file>
